,ENTREPRISE,DERNIER,VAR,OUV,HAUT,BAS,VAR1JANV,VOL,DATE
0,CAPGEMINI,116.65,0.0039000000000000003,115.0,117.2,114.8,0.0712,395510.0,1605855277.6346438
1,CAPGEMINI,116.65,0.0039000000000000003,115.0,117.2,114.8,0.0712,395510.0,1605855338.0866315
2,CAPGEMINI,116.65,0.0039000000000000003,115.0,117.2,114.8,0.0712,395510.0,1605855398.5194619
3,CAPGEMINI,116.65,0.0039000000000000003,115.0,117.2,114.8,0.0712,395510.0,1605855458.9668944
4,CAPGEMINI,116.65,0.0039000000000000003,115.0,117.2,114.8,0.0712,395510.0,1605855519.532816
5,CAPGEMINI,116.65,0.0039000000000000003,115.0,117.2,114.8,0.0712,395510.0,1605855580.0071383
6,CAPGEMINI,116.65,0.0039000000000000003,115.0,117.2,114.8,0.0712,395510.0,1605855640.387171
7,CAPGEMINI,116.65,0.0039000000000000003,115.0,117.2,114.8,0.0712,395510.0,1605855700.795202
8,CAPGEMINI,116.65,0.0,0.0,0.0,0.0,0.0712,0.0,1605855761.2359974
9,CAPGEMINI,116.65,0.0,0.0,0.0,0.0,0.0712,0.0,1605855821.6750443
10,CAPGEMINI,116.65,0.0,0.0,0.0,0.0,0.0712,0.0,1605855882.145899
11,CAPGEMINI,116.65,0.0,0.0,0.0,0.0,0.0712,0.0,1605855942.6561136
12,CAPGEMINI,116.65,0.0,0.0,0.0,0.0,0.0712,0.0,1605856003.094742
13,CAPGEMINI,116.65,0.0,0.0,0.0,0.0,0.0712,0.0,1605856063.516757
14,CAPGEMINI,116.65,0.0,0.0,0.0,0.0,0.0712,0.0,1605856123.9092968
15,CAPGEMINI,116.65,0.0,0.0,0.0,0.0,0.0712,0.0,1605856184.3769448
16,CAPGEMINI,116.65,0.0,0.0,0.0,0.0,0.0712,0.0,1605856244.8245425
17,CAPGEMINI,116.65,0.0,0.0,0.0,0.0,0.0712,0.0,1605856305.2112458
18,CAPGEMINI,116.65,0.0,0.0,0.0,0.0,0.0712,0.0,1605856365.640467
19,CAPGEMINI,116.65,0.0,0.0,0.0,0.0,0.0712,0.0,1605856426.2537837
20,CAPGEMINI,116.65,0.0,0.0,0.0,0.0,0.0712,0.0,1605856486.7245445
21,CAPGEMINI,116.65,0.0,0.0,0.0,0.0,0.0712,0.0,1605856547.1307662
22,CAPGEMINI,116.65,0.0,0.0,0.0,0.0,0.0712,0.0,1605856607.4961412
23,CAPGEMINI,116.65,0.0,0.0,0.0,0.0,0.0712,0.0,1605856667.909651
24,CAPGEMINI,116.65,0.0,0.0,0.0,0.0,0.0712,0.0,1605856728.3126538
25,CAPGEMINI,116.65,0.0,0.0,0.0,0.0,0.0712,0.0,1605856788.7759926
26,CAPGEMINI,116.65,0.0,0.0,0.0,0.0,0.0712,0.0,1605856849.3367853
27,CAPGEMINI,116.65,0.0,0.0,0.0,0.0,0.0712,0.0,1605856909.8331904
28,CAPGEMINI,116.65,0.0,0.0,0.0,0.0,0.0712,0.0,1605856970.2707295
29,CAPGEMINI,116.65,0.0,0.0,0.0,0.0,0.0712,0.0,1605857030.7446604
30,CAPGEMINI,116.65,0.0,0.0,0.0,0.0,0.0712,0.0,1605857091.244511
31,CAPGEMINI,116.65,0.0,0.0,0.0,0.0,0.0712,0.0,1605857151.637451
32,CAPGEMINI,116.65,0.0,0.0,0.0,0.0,0.0712,0.0,1605857212.0382264
33,CAPGEMINI,116.65,0.0,0.0,0.0,0.0,0.0712,0.0,1605857272.6365163
34,CAPGEMINI,116.65,0.0,0.0,0.0,0.0,0.0712,0.0,1605857333.2195423
35,CAPGEMINI,116.65,0.0,0.0,0.0,0.0,0.0712,0.0,1605857393.6326973
36,CAPGEMINI,116.65,0.0,0.0,0.0,0.0,0.0712,0.0,1605857454.0023348
37,CAPGEMINI,116.65,0.0,0.0,0.0,0.0,0.0712,0.0,1605857514.4354267
38,CAPGEMINI,116.65,0.0,0.0,0.0,0.0,0.0712,0.0,1605857574.8396218
39,CAPGEMINI,116.65,0.0,0.0,0.0,0.0,0.0712,0.0,1605857635.214243
40,CAPGEMINI,116.65,0.0,0.0,0.0,0.0,0.0712,0.0,1605857695.711478
41,CAPGEMINI,116.65,0.0,0.0,0.0,0.0,0.0712,0.0,1605857756.2795832
42,CAPGEMINI,116.65,0.0,0.0,0.0,0.0,0.0712,0.0,1605857816.7137907
43,CAPGEMINI,116.65,0.0,0.0,0.0,0.0,0.0712,0.0,1605857877.161881
44,CAPGEMINI,116.65,0.0,0.0,0.0,0.0,0.0712,0.0,1605857937.5974772
45,CAPGEMINI,116.65,0.0,0.0,0.0,0.0,0.0712,0.0,1605857998.0273757
46,CAPGEMINI,116.65,0.0,0.0,0.0,0.0,0.0712,0.0,1605858058.4801366
47,CAPGEMINI,116.65,0.0,0.0,0.0,0.0,0.0712,0.0,1605858118.8709366
48,CAPGEMINI,116.65,0.0,0.0,0.0,0.0,0.0712,0.0,1605858179.26182
49,CAPGEMINI,116.65,0.0,0.0,0.0,0.0,0.0712,0.0,1605858239.8091617
50,CAPGEMINI,116.65,0.0,0.0,0.0,0.0,0.0712,0.0,1605858300.270669
51,CAPGEMINI,116.65,0.0,0.0,0.0,0.0,0.0712,0.0,1605858360.6820805
52,CAPGEMINI,116.65,0.0,0.0,0.0,0.0,0.0712,0.0,1605858421.1183412
53,CAPGEMINI,116.65,0.0,0.0,0.0,0.0,0.0712,0.0,1605858481.6444633
54,CAPGEMINI,116.65,0.0,0.0,0.0,0.0,0.0712,0.0,1605858542.1231313
55,CAPGEMINI,116.65,0.0,0.0,0.0,0.0,0.0712,0.0,1605858602.6161475
56,CAPGEMINI,116.65,0.0,0.0,0.0,0.0,0.0712,0.0,1605858663.1590085
57,CAPGEMINI,116.65,0.0,0.0,0.0,0.0,0.0712,0.0,1605858723.7315438
58,CAPGEMINI,116.65,0.0,0.0,0.0,0.0,0.0712,0.0,1605858784.2324684
59,CAPGEMINI,116.65,0.0,0.0,0.0,0.0,0.0712,0.0,1605858844.6254454
60,CAPGEMINI,116.65,0.0,0.0,0.0,0.0,0.0712,0.0,1605858905.1021245
61,CAPGEMINI,116.65,0.0,0.0,0.0,0.0,0.0712,0.0,1605858965.5004702
62,CAPGEMINI,116.65,0.0,0.0,0.0,0.0,0.0712,0.0,1605859025.9010906
63,CAPGEMINI,116.65,0.0,0.0,0.0,0.0,0.0712,0.0,1605859086.3569942
64,CAPGEMINI,116.65,0.0,0.0,0.0,0.0,0.0712,0.0,1605859146.9224937
65,CAPGEMINI,116.65,0.0,0.0,0.0,0.0,0.0712,0.0,1605859207.5664613
66,CAPGEMINI,116.05,-0.0051,116.1,116.2,116.0,0.06570000000000001,4840.0,1605859268.0094123
67,CAPGEMINI,116.0,-0.005600000000000001,116.1,116.2,116.0,0.0652,4906.0,1605859328.4549289
68,CAPGEMINI,116.1,-0.004699999999999999,116.1,116.2,116.0,0.0661,5216.0,1605859388.9201484
69,CAPGEMINI,116.65,0.0,116.1,116.65,116.0,0.0712,5315.0,1605859449.3676112
70,CAPGEMINI,117.05,0.0034000000000000002,116.1,117.05,116.0,0.0748,5477.0,1605859509.7908912
71,CAPGEMINI,117.05,0.0034000000000000002,116.1,117.05,116.0,0.0748,5809.0,1605859570.324285
72,CAPGEMINI,116.95,0.0026,116.1,117.15,116.0,0.0739,6332.0,1605859630.9593475
73,CAPGEMINI,116.85,0.0017000000000000001,116.1,117.15,116.0,0.073,6498.0,1605859691.4639091
74,CAPGEMINI,116.8,0.0013,116.1,117.15,116.0,0.0725,6815.0,1605859751.8372695
75,CAPGEMINI,117.1,0.0039000000000000003,116.1,117.15,116.0,0.0753,8929.0,1605859812.2696774
76,CAPGEMINI,117.1,0.0039000000000000003,116.1,117.25,116.0,0.0753,10388.0,1605859872.743084
77,CAPGEMINI,117.1,0.0039000000000000003,116.1,117.25,116.0,0.0753,10388.0,1605859933.2099688
78,CAPGEMINI,117.2,0.004699999999999999,116.1,117.25,116.0,0.0762,11262.0,1605859993.7110746
79,CAPGEMINI,117.05,0.0034000000000000002,116.1,117.25,116.0,0.0748,11450.0,1605860054.153018
80,CAPGEMINI,117.25,0.0051,116.1,117.25,116.0,0.0767,11916.0,1605860114.7394347
81,CAPGEMINI,117.5,0.0073,116.1,117.5,116.0,0.079,16652.0,1605860175.143689
82,CAPGEMINI,117.5,0.0073,116.1,117.5,116.0,0.079,16652.0,1605860236.635272
83,CAPGEMINI,117.2,0.004699999999999999,116.1,117.5,116.0,0.0762,19362.0,1605860297.061876
84,CAPGEMINI,117.3,0.005600000000000001,116.1,117.5,116.0,0.0771,19875.0,1605860357.4831116
85,CAPGEMINI,117.3,0.005600000000000001,116.1,117.5,116.0,0.0771,20524.0,1605860417.9421191
86,CAPGEMINI,117.25,0.0051,116.1,117.5,116.0,0.0767,20574.0,1605860478.3139138
87,CAPGEMINI,117.55,0.0077,116.1,117.55,116.0,0.0794,21727.0,1605860538.8826323
88,CAPGEMINI,117.5,0.0073,116.1,117.55,116.0,0.079,21958.0,1605860599.371282
89,CAPGEMINI,117.55,0.0077,116.1,117.6,116.0,0.0794,22280.0,1605860659.8262558
90,CAPGEMINI,117.45,0.0069,116.1,117.6,116.0,0.0785,22639.0,1605860720.277601
91,CAPGEMINI,117.45,0.0069,116.1,117.6,116.0,0.0785,22639.0,1605860780.7052796
92,CAPGEMINI,117.6,0.008100000000000001,116.1,117.6,116.0,0.0799,22711.0,1605860841.1730294
93,CAPGEMINI,117.6,0.008100000000000001,116.1,117.65,116.0,0.0799,22968.0,1605860901.6289265
94,CAPGEMINI,117.5,0.0073,116.1,117.65,116.0,0.079,23404.0,1605860962.0919828
95,CAPGEMINI,117.35,0.006,116.1,117.65,116.0,0.0776,25241.0,1605861022.6837091
96,CAPGEMINI,117.35,0.006,116.1,117.65,116.0,0.0776,26337.0,1605861083.0842178
97,CAPGEMINI,117.35,0.006,116.1,117.65,116.0,0.0776,26640.0,1605861143.5434012
98,CAPGEMINI,117.35,0.006,116.1,117.65,116.0,0.0776,26789.0,1605861203.9490168
99,CAPGEMINI,117.2,0.004699999999999999,116.1,117.65,116.0,0.0762,27264.0,1605861264.4197
100,CAPGEMINI,117.15,0.0043,116.1,117.65,116.0,0.0758,27825.0,1605861325.1148465
101,CAPGEMINI,117.1,0.0039000000000000003,116.1,117.65,116.0,0.0753,27885.0,1605861385.5825424
102,CAPGEMINI,117.05,0.0034000000000000002,116.1,117.65,116.0,0.0748,28555.0,1605861446.1521754
103,CAPGEMINI,117.1,0.0039000000000000003,116.1,117.65,116.0,0.0753,28735.0,1605861506.6436863
104,CAPGEMINI,117.1,0.0039000000000000003,116.1,117.65,116.0,0.0753,28835.0,1605861567.0942073
105,CAPGEMINI,117.1,0.0039000000000000003,116.1,117.65,116.0,0.0753,28935.0,1605861627.513152
106,CAPGEMINI,117.1,0.0039000000000000003,116.1,117.65,116.0,0.0753,28935.0,1605861687.9670453
107,CAPGEMINI,117.2,0.004699999999999999,116.1,117.65,116.0,0.0762,29208.0,1605861748.4566429
108,CAPGEMINI,117.15,0.0043,116.1,117.65,116.0,0.0758,29641.0,1605861808.8392966
109,CAPGEMINI,117.05,0.0034000000000000002,116.1,117.65,116.0,0.0748,30110.0,1605861869.2783844
110,CAPGEMINI,117.1,0.0039000000000000003,116.1,117.65,116.0,0.0753,30258.0,1605861929.8297498
111,CAPGEMINI,117.05,0.0034000000000000002,116.1,117.65,116.0,0.0748,30517.0,1605861990.2997007
112,CAPGEMINI,117.1,0.0039000000000000003,116.1,117.65,116.0,0.0753,30957.0,1605862050.7196465
113,CAPGEMINI,117.2,0.004699999999999999,116.1,117.65,116.0,0.0762,31561.0,1605862111.2134762
114,CAPGEMINI,117.1,0.0039000000000000003,116.1,117.65,116.0,0.0753,31628.0,1605862171.672369
115,CAPGEMINI,117.05,0.0034000000000000002,116.1,117.65,116.0,0.0748,32408.0,1605862232.1331046
116,CAPGEMINI,117.05,0.0034000000000000002,116.1,117.65,116.0,0.0748,32973.0,1605862292.5937622
117,CAPGEMINI,117.05,0.0034000000000000002,116.1,117.65,116.0,0.0748,32973.0,1605862353.0480392
118,CAPGEMINI,117.0,0.003,116.1,117.65,116.0,0.07440000000000001,33631.0,1605862413.5780036
119,CAPGEMINI,117.1,0.0039000000000000003,116.1,117.65,116.0,0.0753,33792.0,1605862473.9922097
120,CAPGEMINI,117.1,0.0039000000000000003,116.1,117.65,116.0,0.0753,33792.0,1605862534.4198656
121,CAPGEMINI,117.15,0.0043,116.1,117.65,116.0,0.0758,33858.0,1605862594.7886398
122,CAPGEMINI,117.1,0.0039000000000000003,116.1,117.65,116.0,0.0753,33910.0,1605862655.157657
123,CAPGEMINI,117.1,0.0039000000000000003,116.1,117.65,116.0,0.0753,34044.0,1605862715.5959055
124,CAPGEMINI,117.1,0.0039000000000000003,116.1,117.65,116.0,0.0753,34258.0,1605862776.022229
125,CAPGEMINI,117.05,0.0034000000000000002,116.1,117.65,116.0,0.0748,34314.0,1605862836.5717344
126,CAPGEMINI,117.1,0.0039000000000000003,116.1,117.65,116.0,0.0753,34424.0,1605862896.9910305
127,CAPGEMINI,117.1,0.0039000000000000003,116.1,117.65,116.0,0.0753,34557.0,1605862957.370569
128,CAPGEMINI,117.1,0.0039000000000000003,116.1,117.65,116.0,0.0753,34978.0,1605863017.7812982
129,CAPGEMINI,117.15,0.0043,116.1,117.65,116.0,0.0758,35072.0,1605863078.1987317
130,CAPGEMINI,117.2,0.004699999999999999,116.1,117.65,116.0,0.0762,35103.0,1605863138.611302
131,CAPGEMINI,117.15,0.0043,116.1,117.65,116.0,0.0758,35378.0,1605863199.0888922
132,CAPGEMINI,117.1,0.0039000000000000003,116.1,117.65,116.0,0.0753,35629.0,1605863259.5852869
133,CAPGEMINI,117.2,0.004699999999999999,116.1,117.65,116.0,0.0762,35753.0,1605863320.1736276
134,CAPGEMINI,117.1,0.0039000000000000003,116.1,117.65,116.0,0.0753,36136.0,1605863380.5990357
135,CAPGEMINI,117.1,0.0039000000000000003,116.1,117.65,116.0,0.0753,36251.0,1605863441.0717072
136,CAPGEMINI,117.1,0.0039000000000000003,116.1,117.65,116.0,0.0753,36251.0,1605863501.470887
137,CAPGEMINI,117.1,0.0039000000000000003,116.1,117.65,116.0,0.0753,36395.0,1605863561.938501
138,CAPGEMINI,117.1,0.0039000000000000003,116.1,117.65,116.0,0.0753,36395.0,1605863622.3995705
139,CAPGEMINI,117.05,0.0034000000000000002,116.1,117.65,116.0,0.0748,36543.0,1605863682.8391953
140,CAPGEMINI,117.0,0.003,116.1,117.65,116.0,0.07440000000000001,36739.0,1605863743.469411
141,CAPGEMINI,117.0,0.003,116.1,117.65,116.0,0.07440000000000001,36969.0,1605863803.9253013
142,CAPGEMINI,116.95,0.0026,116.1,117.65,116.0,0.0739,37163.0,1605863864.3750205
143,CAPGEMINI,116.95,0.0026,116.1,117.65,116.0,0.0739,37163.0,1605863924.8334346
144,CAPGEMINI,116.95,0.0026,116.1,117.65,116.0,0.0739,37188.0,1605863985.2939062
145,CAPGEMINI,116.95,0.0026,116.1,117.65,116.0,0.0739,37217.0,1605864045.7303393
146,CAPGEMINI,116.95,0.0026,116.1,117.65,116.0,0.0739,37431.0,1605864106.2330306
147,CAPGEMINI,116.95,0.0026,116.1,117.65,116.0,0.0739,37431.0,1605864166.6741946
148,CAPGEMINI,116.85,0.0017000000000000001,116.1,117.65,116.0,0.073,37501.0,1605864227.28678
149,CAPGEMINI,116.85,0.0017000000000000001,116.1,117.65,116.0,0.073,37501.0,1605864287.7370563
150,CAPGEMINI,116.85,0.0017000000000000001,116.1,117.65,116.0,0.073,37610.0,1605864348.1994894
151,CAPGEMINI,116.85,0.0017000000000000001,116.1,117.65,116.0,0.073,37610.0,1605864408.6394262
152,CAPGEMINI,116.9,0.0021,116.1,117.65,116.0,0.0735,37748.0,1605864469.07876
153,CAPGEMINI,116.9,0.0021,116.1,117.65,116.0,0.0735,37948.0,1605864529.6382623
154,CAPGEMINI,117.05,0.0034000000000000002,116.1,117.65,116.0,0.0748,38323.0,1605864590.0440388
155,CAPGEMINI,117.0,0.003,116.1,117.65,116.0,0.07440000000000001,39061.0,1605864650.499909
156,CAPGEMINI,117.0,0.003,116.1,117.65,116.0,0.07440000000000001,39061.0,1605864711.0956497
157,CAPGEMINI,117.05,0.0034000000000000002,116.1,117.65,116.0,0.0748,39092.0,1605864771.5456908
158,CAPGEMINI,117.0,0.003,116.1,117.65,116.0,0.07440000000000001,39436.0,1605864832.034639
159,CAPGEMINI,116.9,0.0021,116.1,117.65,116.0,0.0735,39940.0,1605864892.5996904
160,CAPGEMINI,116.9,0.0021,116.1,117.65,116.0,0.0735,39940.0,1605864953.0476851
161,CAPGEMINI,116.9,0.0021,116.1,117.65,116.0,0.0735,39940.0,1605865013.561296
162,CAPGEMINI,117.0,0.003,116.1,117.65,116.0,0.07440000000000001,40132.0,1605865074.0181074
163,CAPGEMINI,117.1,0.0039000000000000003,116.1,117.65,116.0,0.0753,40899.0,1605865134.603081
164,CAPGEMINI,117.1,0.0039000000000000003,116.1,117.65,116.0,0.0753,40899.0,1605865195.086876
165,CAPGEMINI,117.0,0.003,116.1,117.65,116.0,0.07440000000000001,41069.0,1605865255.5537734
166,CAPGEMINI,117.0,0.003,116.1,117.65,116.0,0.07440000000000001,41848.0,1605865316.0875077
167,CAPGEMINI,117.0,0.003,116.1,117.65,116.0,0.07440000000000001,42063.0,1605865376.5325658
168,CAPGEMINI,117.0,0.003,116.1,117.65,116.0,0.07440000000000001,42063.0,1605865437.0576537
169,CAPGEMINI,117.05,0.0034000000000000002,116.1,117.65,116.0,0.0748,42417.0,1605865497.5375032
170,CAPGEMINI,117.05,0.0034000000000000002,116.1,117.65,116.0,0.0748,42779.0,1605865558.0282874
171,CAPGEMINI,117.0,0.003,116.1,117.65,116.0,0.07440000000000001,43269.0,1605865618.643508
172,CAPGEMINI,116.95,0.0026,116.1,117.65,116.0,0.0739,43452.0,1605865679.0545933
173,CAPGEMINI,116.95,0.0026,116.1,117.65,116.0,0.0739,43452.0,1605865739.5657852
174,CAPGEMINI,116.95,0.0026,116.1,117.65,116.0,0.0739,43452.0,1605865800.10886
175,CAPGEMINI,116.95,0.0026,116.1,117.65,116.0,0.0739,43452.0,1605865860.5897741
176,CAPGEMINI,117.1,0.0039000000000000003,116.1,117.65,116.0,0.0753,45223.0,1605865921.0749643
177,CAPGEMINI,117.1,0.0039000000000000003,116.1,117.65,116.0,0.0753,45325.0,1605865981.5577188
178,CAPGEMINI,117.0,0.003,116.1,117.65,116.0,0.07440000000000001,45344.0,1605866042.185066
179,CAPGEMINI,117.0,0.003,116.1,117.65,116.0,0.07440000000000001,45956.0,1605866102.5951765
180,CAPGEMINI,117.0,0.003,116.1,117.65,116.0,0.07440000000000001,46457.0,1605866163.2724032
181,CAPGEMINI,117.0,0.003,116.1,117.65,116.0,0.07440000000000001,47356.0,1605866223.6822062
182,CAPGEMINI,117.0,0.003,116.1,117.65,116.0,0.07440000000000001,47486.0,1605866284.1349576
183,CAPGEMINI,117.05,0.0034000000000000002,116.1,117.65,116.0,0.0748,47642.0,1605866344.5899665
184,CAPGEMINI,117.1,0.0039000000000000003,116.1,117.65,116.0,0.0753,47947.0,1605866405.056643
185,CAPGEMINI,117.1,0.0039000000000000003,116.1,117.65,116.0,0.0753,48230.0,1605866465.5509791
186,CAPGEMINI,117.1,0.0039000000000000003,116.1,117.65,116.0,0.0753,48590.0,1605866526.0639615
187,CAPGEMINI,117.15,0.0043,116.1,117.65,116.0,0.0758,48680.0,1605866586.5258307
188,CAPGEMINI,117.2,0.004699999999999999,116.1,117.65,116.0,0.0762,48750.0,1605866646.9546545
189,CAPGEMINI,117.2,0.004699999999999999,116.1,117.65,116.0,0.0762,48750.0,1605866707.3873582
190,CAPGEMINI,117.2,0.004699999999999999,116.1,117.65,116.0,0.0762,48750.0,1605866767.79326
191,CAPGEMINI,117.1,0.0039000000000000003,116.1,117.65,116.0,0.0753,49003.0,1605866828.2316787
192,CAPGEMINI,117.15,0.0043,116.1,117.65,116.0,0.0758,49007.0,1605866888.681191
193,CAPGEMINI,117.05,0.0034000000000000002,116.1,117.65,116.0,0.0748,49242.0,1605866949.225075
194,CAPGEMINI,117.05,0.0034000000000000002,116.1,117.65,116.0,0.0748,49408.0,1605867009.6524746
195,CAPGEMINI,117.05,0.0034000000000000002,116.1,117.65,116.0,0.0748,49408.0,1605867070.124944
196,CAPGEMINI,117.05,0.0034000000000000002,116.1,117.65,116.0,0.0748,49476.0,1605867130.6831007
197,CAPGEMINI,117.1,0.0039000000000000003,116.1,117.65,116.0,0.0753,49706.0,1605867191.096237
198,CAPGEMINI,117.2,0.004699999999999999,116.1,117.65,116.0,0.0762,49939.0,1605867251.5334737
199,CAPGEMINI,117.2,0.004699999999999999,116.1,117.65,116.0,0.0762,50220.0,1605867311.9606516
200,CAPGEMINI,117.2,0.004699999999999999,116.1,117.65,116.0,0.0762,50220.0,1605867372.3959882
201,CAPGEMINI,117.2,0.004699999999999999,116.1,117.65,116.0,0.0762,50670.0,1605867432.9546487
202,CAPGEMINI,117.2,0.004699999999999999,116.1,117.65,116.0,0.0762,50784.0,1605867493.3917136
203,CAPGEMINI,117.25,0.0051,116.1,117.65,116.0,0.0767,51284.0,1605867553.8561182
204,CAPGEMINI,117.3,0.005600000000000001,116.1,117.65,116.0,0.0771,52068.0,1605867614.3748302
205,CAPGEMINI,117.3,0.005600000000000001,116.1,117.65,116.0,0.0771,52385.0,1605867674.843374
206,CAPGEMINI,117.35,0.006,116.1,117.65,116.0,0.0776,52507.0,1605867735.3284361
207,CAPGEMINI,117.35,0.006,116.1,117.65,116.0,0.0776,53170.0,1605867795.7617867
208,CAPGEMINI,117.45,0.0069,116.1,117.65,116.0,0.0785,53242.0,1605867856.2785733
209,CAPGEMINI,117.45,0.0069,116.1,117.65,116.0,0.0785,53242.0,1605867916.9091048
210,CAPGEMINI,117.45,0.0069,116.1,117.65,116.0,0.0785,53242.0,1605867977.3684509
211,CAPGEMINI,117.45,0.0069,116.1,117.65,116.0,0.0785,53242.0,1605868037.8583858
212,CAPGEMINI,117.55,0.0077,116.1,117.65,116.0,0.0794,56634.0,1605868098.3247387
213,CAPGEMINI,117.5,0.0073,116.1,117.65,116.0,0.079,57470.0,1605868158.8142452
214,CAPGEMINI,117.5,0.0073,116.1,117.65,116.0,0.079,57470.0,1605868219.2452984
215,CAPGEMINI,117.5,0.0073,116.1,117.65,116.0,0.079,57868.0,1605868279.7144096
216,CAPGEMINI,117.5,0.0073,116.1,117.65,116.0,0.079,58026.0,1605868340.2375057
217,CAPGEMINI,117.4,0.0064,116.1,117.65,116.0,0.0781,58351.0,1605868400.680012
218,CAPGEMINI,117.45,0.0069,116.1,117.65,116.0,0.0785,58520.0,1605868461.180909
219,CAPGEMINI,117.45,0.0069,116.1,117.65,116.0,0.0785,58693.0,1605868521.6624892
220,CAPGEMINI,117.5,0.0073,116.1,117.65,116.0,0.079,58864.0,1605868582.3158345
221,CAPGEMINI,117.55,0.0077,116.1,117.65,116.0,0.0794,58914.0,1605868642.7383175
222,CAPGEMINI,117.55,0.0077,116.1,117.65,116.0,0.0794,58914.0,1605868703.2314556
223,CAPGEMINI,117.55,0.0077,116.1,117.65,116.0,0.0794,58914.0,1605868763.746248
224,CAPGEMINI,117.55,0.0077,116.1,117.65,116.0,0.0794,59135.0,1605868824.3721998
225,CAPGEMINI,117.55,0.0077,116.1,117.65,116.0,0.0794,59498.0,1605868884.7773094
226,CAPGEMINI,117.55,0.0077,116.1,117.65,116.0,0.0794,59981.0,1605868945.2493927
227,CAPGEMINI,117.55,0.0077,116.1,117.65,116.0,0.0794,60047.0,1605869005.6923568
228,CAPGEMINI,117.5,0.0073,116.1,117.65,116.0,0.079,60072.0,1605869066.150834
229,CAPGEMINI,117.55,0.0077,116.1,117.65,116.0,0.0794,60202.0,1605869126.6027594
230,CAPGEMINI,117.55,0.0077,116.1,117.65,116.0,0.0794,60635.0,1605869187.0547702
231,CAPGEMINI,117.55,0.0077,116.1,117.65,116.0,0.0794,60768.0,1605869247.589644
232,CAPGEMINI,117.5,0.0073,116.1,117.65,116.0,0.079,60984.0,1605869308.0059967
233,CAPGEMINI,117.6,0.008100000000000001,116.1,117.65,116.0,0.0799,61785.0,1605869368.4605744
234,CAPGEMINI,117.6,0.008100000000000001,116.1,117.65,116.0,0.0799,62181.0,1605869428.9157217
235,CAPGEMINI,117.55,0.0077,116.1,117.65,116.0,0.0794,63288.0,1605869489.364971
236,CAPGEMINI,117.55,0.0077,116.1,117.65,116.0,0.0794,63779.0,1605869549.7699888
237,CAPGEMINI,117.5,0.0073,116.1,117.65,116.0,0.079,64133.0,1605869610.219683
238,CAPGEMINI,117.5,0.0073,116.1,117.65,116.0,0.079,64883.0,1605869670.6583269
239,CAPGEMINI,117.5,0.0073,116.1,117.65,116.0,0.079,65789.0,1605869731.21783
240,CAPGEMINI,117.45,0.0069,116.1,117.65,116.0,0.0785,66208.0,1605869791.6761224
241,CAPGEMINI,117.4,0.0064,116.1,117.65,116.0,0.0781,66298.0,1605869852.146091
242,CAPGEMINI,117.3,0.005600000000000001,116.1,117.65,116.0,0.0771,66819.0,1605869912.6238623
243,CAPGEMINI,117.25,0.0051,116.1,117.65,116.0,0.0767,67079.0,1605869973.0282922
244,CAPGEMINI,117.45,0.0069,116.1,117.65,116.0,0.0785,67928.0,1605870033.5307915
245,CAPGEMINI,117.45,0.0069,116.1,117.65,116.0,0.0785,68683.0,1605870094.0008838
246,CAPGEMINI,117.45,0.0069,116.1,117.65,116.0,0.0785,69092.0,1605870154.4931762
247,CAPGEMINI,117.45,0.0069,116.1,117.65,116.0,0.0785,69092.0,1605870215.1154602
248,CAPGEMINI,117.45,0.0069,116.1,117.65,116.0,0.0785,69434.0,1605870275.6267195
249,CAPGEMINI,117.55,0.0077,116.1,117.65,116.0,0.0794,70207.0,1605870336.0923483
250,CAPGEMINI,117.45,0.0069,116.1,117.65,116.0,0.0785,71020.0,1605870396.5922327
251,CAPGEMINI,117.4,0.0064,116.1,117.65,116.0,0.0781,71070.0,1605870456.998615
252,CAPGEMINI,117.35,0.006,116.1,117.65,116.0,0.0776,71394.0,1605870517.4304903
253,CAPGEMINI,117.45,0.0069,116.1,117.65,116.0,0.0785,71674.0,1605870577.9281006
254,CAPGEMINI,117.5,0.0073,116.1,117.65,116.0,0.079,71931.0,1605870638.5641744
255,CAPGEMINI,117.45,0.0069,116.1,117.65,116.0,0.0785,72188.0,1605870699.0503297
256,CAPGEMINI,117.4,0.0064,116.1,117.65,116.0,0.0781,72720.0,1605870759.5322042
257,CAPGEMINI,117.4,0.0064,116.1,117.65,116.0,0.0781,73085.0,1605870819.9922752
258,CAPGEMINI,117.4,0.0064,116.1,117.65,116.0,0.0781,73085.0,1605870880.4441147
259,CAPGEMINI,117.4,0.0064,116.1,117.65,116.0,0.0781,73643.0,1605870940.899049
260,CAPGEMINI,117.4,0.0064,116.1,117.65,116.0,0.0781,73945.0,1605871001.3668613
261,CAPGEMINI,117.45,0.0069,116.1,117.65,116.0,0.0785,74527.0,1605871061.7818537
262,CAPGEMINI,117.4,0.0064,116.1,117.65,116.0,0.0781,74587.0,1605871122.2794836
263,CAPGEMINI,117.45,0.0069,116.1,117.65,116.0,0.0785,74783.0,1605871182.7276125
264,CAPGEMINI,117.45,0.0069,116.1,117.65,116.0,0.0785,74783.0,1605871243.209995
265,CAPGEMINI,117.5,0.0073,116.1,117.65,116.0,0.079,74865.0,1605871303.6642363
266,CAPGEMINI,117.4,0.0064,116.1,117.65,116.0,0.0781,75220.0,1605871364.1321099
267,CAPGEMINI,117.4,0.0064,116.1,117.65,116.0,0.0781,75220.0,1605871424.621176
268,CAPGEMINI,117.4,0.0064,116.1,117.65,116.0,0.0781,75320.0,1605871485.1112652
269,CAPGEMINI,117.25,0.0051,116.1,117.65,116.0,0.0767,75371.0,1605871545.6725295
270,CAPGEMINI,117.25,0.0051,116.1,117.65,116.0,0.0767,76016.0,1605871606.1398265
271,CAPGEMINI,117.25,0.0051,116.1,117.65,116.0,0.0767,76549.0,1605871666.6236298
272,CAPGEMINI,117.25,0.0051,116.1,117.65,116.0,0.0767,76549.0,1605871727.0583572
273,CAPGEMINI,117.15,0.0043,116.1,117.65,116.0,0.0758,76797.0,1605871787.4908502
274,CAPGEMINI,117.1,0.0039000000000000003,116.1,117.65,116.0,0.0753,77043.0,1605871847.9171636
275,CAPGEMINI,117.15,0.0043,116.1,117.65,116.0,0.0758,77492.0,1605871908.4319293
276,CAPGEMINI,117.25,0.0051,116.1,117.65,116.0,0.0767,78199.0,1605871968.8529088
277,CAPGEMINI,117.3,0.005600000000000001,116.1,117.65,116.0,0.0771,78636.0,1605872029.4322453
278,CAPGEMINI,117.3,0.005600000000000001,116.1,117.65,116.0,0.0771,79236.0,1605872089.8622813
279,CAPGEMINI,117.3,0.005600000000000001,116.1,117.65,116.0,0.0771,79271.0,1605872150.2762015
280,CAPGEMINI,117.3,0.005600000000000001,116.1,117.65,116.0,0.0771,79676.0,1605872210.675378
281,CAPGEMINI,117.25,0.0051,116.1,117.65,116.0,0.0767,79875.0,1605872271.0781195
282,CAPGEMINI,117.25,0.0051,116.1,117.65,116.0,0.0767,80011.0,1605872331.474123
283,CAPGEMINI,117.25,0.0051,116.1,117.65,116.0,0.0767,80011.0,1605872391.9266264
284,CAPGEMINI,117.3,0.005600000000000001,116.1,117.65,116.0,0.0771,80325.0,1605872452.3737488
285,CAPGEMINI,117.35,0.006,116.1,117.65,116.0,0.0776,80564.0,1605872512.9903007
286,CAPGEMINI,117.4,0.0064,116.1,117.65,116.0,0.0781,80589.0,1605872573.4466956
287,CAPGEMINI,117.4,0.0064,116.1,117.65,116.0,0.0781,80645.0,1605872633.9484448
288,CAPGEMINI,117.45,0.0069,116.1,117.65,116.0,0.0785,81979.0,1605872694.4183853
289,CAPGEMINI,117.6,0.008100000000000001,116.1,117.65,116.0,0.0799,84136.0,1605872754.8627958
290,CAPGEMINI,117.65,0.0086,116.1,117.7,116.0,0.0803,84514.0,1605872815.2913182
291,CAPGEMINI,117.75,0.009399999999999999,116.1,117.75,116.0,0.08130000000000001,85558.0,1605872875.7971454
292,CAPGEMINI,117.75,0.009399999999999999,116.1,117.75,116.0,0.08130000000000001,85558.0,1605872936.4241426
293,CAPGEMINI,117.75,0.009399999999999999,116.1,117.75,116.0,0.08130000000000001,85558.0,1605872996.8949625
294,CAPGEMINI,117.8,0.009899999999999999,116.1,117.8,116.0,0.0817,88740.0,1605873057.3341393
295,CAPGEMINI,117.6,0.008100000000000001,116.1,117.8,116.0,0.0799,88966.0,1605873117.7571247
296,CAPGEMINI,117.6,0.008100000000000001,116.1,117.8,116.0,0.0799,88966.0,1605873178.2281334
297,CAPGEMINI,117.6,0.008100000000000001,116.1,117.8,116.0,0.0799,88966.0,1605873238.7259421
298,CAPGEMINI,117.55,0.0077,116.1,117.8,116.0,0.0794,89185.0,1605873299.1135755
299,CAPGEMINI,117.6,0.008100000000000001,116.1,117.8,116.0,0.0799,89248.0,1605873359.5562248
300,CAPGEMINI,117.6,0.008100000000000001,116.1,117.8,116.0,0.0799,89331.0,1605873420.0957804
301,CAPGEMINI,117.6,0.008100000000000001,116.1,117.8,116.0,0.0799,89331.0,1605873480.5477505
302,CAPGEMINI,117.6,0.008100000000000001,116.1,117.8,116.0,0.0799,89331.0,1605873541.0548341
303,CAPGEMINI,117.55,0.0077,116.1,117.8,116.0,0.0794,90127.0,1605873601.5036569
304,CAPGEMINI,117.6,0.008100000000000001,116.1,117.8,116.0,0.0799,90198.0,1605873661.959127
305,CAPGEMINI,117.55,0.0077,116.1,117.8,116.0,0.0794,90335.0,1605873722.3937018
306,CAPGEMINI,117.55,0.0077,116.1,117.8,116.0,0.0794,90335.0,1605873782.8675795
307,CAPGEMINI,117.55,0.0077,116.1,117.8,116.0,0.0794,90335.0,1605873843.5050263
308,CAPGEMINI,117.6,0.008100000000000001,116.1,117.8,116.0,0.0799,90573.0,1605873903.9227576
309,CAPGEMINI,117.6,0.008100000000000001,116.1,117.8,116.0,0.0799,90586.0,1605873964.3472307
310,CAPGEMINI,117.6,0.008100000000000001,116.1,117.8,116.0,0.0799,90586.0,1605874024.755168
311,CAPGEMINI,117.65,0.0086,116.1,117.8,116.0,0.0803,90917.0,1605874085.161408
312,CAPGEMINI,117.65,0.0086,116.1,117.8,116.0,0.0803,90917.0,1605874145.6362686
313,CAPGEMINI,117.55,0.0077,116.1,117.8,116.0,0.0794,90957.0,1605874206.08417
314,CAPGEMINI,117.6,0.008100000000000001,116.1,117.8,116.0,0.0799,91030.0,1605874266.5273025
315,CAPGEMINI,117.6,0.008100000000000001,116.1,117.8,116.0,0.0799,91086.0,1605874327.083805
316,CAPGEMINI,117.6,0.008100000000000001,116.1,117.8,116.0,0.0799,91086.0,1605874387.554008
317,CAPGEMINI,117.65,0.0086,116.1,117.8,116.0,0.0803,91350.0,1605874448.058613
318,CAPGEMINI,117.65,0.0086,116.1,117.8,116.0,0.0803,91350.0,1605874508.4857113
319,CAPGEMINI,117.6,0.008100000000000001,116.1,117.8,116.0,0.0799,91446.0,1605874568.947009
320,CAPGEMINI,117.6,0.008100000000000001,116.1,117.8,116.0,0.0799,91536.0,1605874629.3935213
321,CAPGEMINI,117.6,0.008100000000000001,116.1,117.8,116.0,0.0799,91536.0,1605874689.8154097
322,CAPGEMINI,117.6,0.008100000000000001,116.1,117.8,116.0,0.0799,91747.0,1605874750.302929
323,CAPGEMINI,117.6,0.008100000000000001,116.1,117.8,116.0,0.0799,91840.0,1605874810.8530273
324,CAPGEMINI,117.55,0.0077,116.1,117.8,116.0,0.0794,91918.0,1605874871.3103528
325,CAPGEMINI,117.6,0.008100000000000001,116.1,117.8,116.0,0.0799,92112.0,1605874931.7904656
326,CAPGEMINI,117.55,0.0077,116.1,117.8,116.0,0.0794,92648.0,1605874992.2477293
327,CAPGEMINI,117.55,0.0077,116.1,117.8,116.0,0.0794,93065.0,1605875052.703371
328,CAPGEMINI,117.6,0.008100000000000001,116.1,117.8,116.0,0.0799,93327.0,1605875113.1684275
329,CAPGEMINI,117.6,0.008100000000000001,116.1,117.8,116.0,0.0799,93327.0,1605875173.611013
330,CAPGEMINI,117.65,0.0086,116.1,117.8,116.0,0.0803,93557.0,1605875234.2068567
331,CAPGEMINI,117.65,0.0086,116.1,117.8,116.0,0.0803,93557.0,1605875294.649108
332,CAPGEMINI,117.65,0.0086,116.1,117.8,116.0,0.0803,93759.0,1605875355.1443422
333,CAPGEMINI,117.7,0.009000000000000001,116.1,117.8,116.0,0.0808,95399.0,1605875415.6033444
334,CAPGEMINI,117.65,0.0086,116.1,117.8,116.0,0.0803,95492.0,1605875476.0277913
335,CAPGEMINI,117.65,0.0086,116.1,117.8,116.0,0.0803,95578.0,1605875536.4720182
336,CAPGEMINI,117.6,0.008100000000000001,116.1,117.8,116.0,0.0799,95622.0,1605875596.923867
337,CAPGEMINI,117.55,0.0077,116.1,117.8,116.0,0.0794,95624.0,1605875657.2950747
338,CAPGEMINI,117.6,0.008100000000000001,116.1,117.8,116.0,0.0799,96235.0,1605875717.818879
339,CAPGEMINI,117.6,0.008100000000000001,116.1,117.8,116.0,0.0799,96264.0,1605875778.1998158
340,CAPGEMINI,117.6,0.008100000000000001,116.1,117.8,116.0,0.0799,96264.0,1605875838.7064793
341,CAPGEMINI,117.55,0.0077,116.1,117.8,116.0,0.0794,97733.0,1605875899.1416078
342,CAPGEMINI,117.6,0.008100000000000001,116.1,117.8,116.0,0.0799,97908.0,1605875959.5001202
343,CAPGEMINI,117.5,0.0073,116.1,117.8,116.0,0.079,98287.0,1605876019.9213023
344,CAPGEMINI,117.5,0.0073,116.1,117.8,116.0,0.079,98287.0,1605876080.3004637
345,CAPGEMINI,117.5,0.0073,116.1,117.8,116.0,0.079,98533.0,1605876140.885134
346,CAPGEMINI,117.5,0.0073,116.1,117.8,116.0,0.079,98533.0,1605876201.3199534
347,CAPGEMINI,117.5,0.0073,116.1,117.8,116.0,0.079,98533.0,1605876261.6896093
348,CAPGEMINI,117.5,0.0073,116.1,117.8,116.0,0.079,98601.0,1605876322.0756996
349,CAPGEMINI,117.6,0.008100000000000001,116.1,117.8,116.0,0.0799,99420.0,1605876382.4851525
350,CAPGEMINI,117.55,0.0077,116.1,117.8,116.0,0.0794,99470.0,1605876442.8574116
351,CAPGEMINI,117.45,0.0069,116.1,117.8,116.0,0.0785,99808.0,1605876503.2920265
352,CAPGEMINI,117.45,0.0069,116.1,117.8,116.0,0.0785,99808.0,1605876563.7057495
353,CAPGEMINI,117.45,0.0069,116.1,117.8,116.0,0.0785,100150.0,1605876624.272879
354,CAPGEMINI,117.45,0.0069,116.1,117.8,116.0,0.0785,100150.0,1605876684.6619747
355,CAPGEMINI,117.45,0.0069,116.1,117.8,116.0,0.0785,100150.0,1605876745.0586977
356,CAPGEMINI,117.45,0.0069,116.1,117.8,116.0,0.0785,100150.0,1605876805.4439573
357,CAPGEMINI,117.4,0.0064,116.1,117.8,116.0,0.0781,100211.0,1605876865.840093
358,CAPGEMINI,117.5,0.0073,116.1,117.8,116.0,0.079,100733.0,1605876926.2185264
359,CAPGEMINI,117.5,0.0073,116.1,117.8,116.0,0.079,100733.0,1605876986.6560864
360,CAPGEMINI,117.45,0.0069,116.1,117.8,116.0,0.0785,101074.0,1605877047.0964084
361,CAPGEMINI,117.45,0.0069,116.1,117.8,116.0,0.0785,101074.0,1605877107.6369069
362,CAPGEMINI,117.45,0.0069,116.1,117.8,116.0,0.0785,101074.0,1605877168.0334458
363,CAPGEMINI,117.4,0.0064,116.1,117.8,116.0,0.0781,101499.0,1605877228.4503808
364,CAPGEMINI,117.45,0.0069,116.1,117.8,116.0,0.0785,102352.0,1605877288.8712428
365,CAPGEMINI,117.4,0.0064,116.1,117.8,116.0,0.0781,102529.0,1605877349.3275702
366,CAPGEMINI,117.4,0.0064,116.1,117.8,116.0,0.0781,102691.0,1605877409.768876
367,CAPGEMINI,117.5,0.0073,116.1,117.8,116.0,0.079,103451.0,1605877470.217273
368,CAPGEMINI,117.55,0.0077,116.1,117.8,116.0,0.0794,103795.0,1605877530.760317
369,CAPGEMINI,117.55,0.0077,116.1,117.8,116.0,0.0794,103795.0,1605877591.1983175
370,CAPGEMINI,117.55,0.0077,116.1,117.8,116.0,0.0794,103821.0,1605877651.6565983
371,CAPGEMINI,117.55,0.0077,116.1,117.8,116.0,0.0794,104440.0,1605877712.0854836
372,CAPGEMINI,117.55,0.0077,116.1,117.8,116.0,0.0794,104440.0,1605877772.5936866
373,CAPGEMINI,117.5,0.0073,116.1,117.8,116.0,0.079,104936.0,1605877833.0559216
374,CAPGEMINI,117.55,0.0077,116.1,117.8,116.0,0.0794,105542.0,1605877893.49596
375,CAPGEMINI,117.5,0.0073,116.1,117.8,116.0,0.079,105708.0,1605877953.9845421
376,CAPGEMINI,117.5,0.0073,116.1,117.8,116.0,0.079,105804.0,1605878014.5899992
377,CAPGEMINI,117.45,0.0069,116.1,117.8,116.0,0.0785,105963.0,1605878075.0015366
378,CAPGEMINI,117.45,0.0069,116.1,117.8,116.0,0.0785,105963.0,1605878135.419058
379,CAPGEMINI,117.4,0.0064,116.1,117.8,116.0,0.0781,106196.0,1605878195.8223922
380,CAPGEMINI,117.4,0.0064,116.1,117.8,116.0,0.0781,106488.0,1605878256.2462583
381,CAPGEMINI,117.35,0.006,116.1,117.8,116.0,0.0776,106566.0,1605878316.6387289
382,CAPGEMINI,117.35,0.006,116.1,117.8,116.0,0.0776,107082.0,1605878377.0283465
383,CAPGEMINI,117.35,0.006,116.1,117.8,116.0,0.0776,107093.0,1605878437.5955482
384,CAPGEMINI,117.4,0.0064,116.1,117.8,116.0,0.0781,107548.0,1605878498.0381746
385,CAPGEMINI,117.4,0.0064,116.1,117.8,116.0,0.0781,108327.0,1605878558.480594
386,CAPGEMINI,117.4,0.0064,116.1,117.8,116.0,0.0781,108327.0,1605878618.8944697
387,CAPGEMINI,117.35,0.006,116.1,117.8,116.0,0.0776,108393.0,1605878679.3661952
388,CAPGEMINI,117.35,0.006,116.1,117.8,116.0,0.0776,108393.0,1605878739.7320616
389,CAPGEMINI,117.35,0.006,116.1,117.8,116.0,0.0776,108393.0,1605878800.2083485
390,CAPGEMINI,117.25,0.0051,116.1,117.8,116.0,0.0767,108902.0,1605878860.5970814
391,CAPGEMINI,117.25,0.0051,116.1,117.8,116.0,0.0767,108902.0,1605878921.1050327
392,CAPGEMINI,117.25,0.0051,116.1,117.8,116.0,0.0767,108902.0,1605878981.5121999
393,CAPGEMINI,117.3,0.005600000000000001,116.1,117.8,116.0,0.0771,109275.0,1605879041.9357088
394,CAPGEMINI,117.3,0.005600000000000001,116.1,117.8,116.0,0.0771,109275.0,1605879102.4422011
395,CAPGEMINI,117.3,0.005600000000000001,116.1,117.8,116.0,0.0771,109275.0,1605879162.9286816
396,CAPGEMINI,117.3,0.005600000000000001,116.1,117.8,116.0,0.0771,109657.0,1605879223.360081
397,CAPGEMINI,117.25,0.0051,116.1,117.8,116.0,0.0767,109721.0,1605879283.8312771
398,CAPGEMINI,117.25,0.0051,116.1,117.8,116.0,0.0767,109721.0,1605879344.239727
399,CAPGEMINI,117.25,0.0051,116.1,117.8,116.0,0.0767,109721.0,1605879404.862863
400,CAPGEMINI,117.25,0.0051,116.1,117.8,116.0,0.0767,109913.0,1605879465.2839699
401,CAPGEMINI,117.2,0.004699999999999999,116.1,117.8,116.0,0.0762,110665.0,1605879525.7385979
402,CAPGEMINI,117.2,0.004699999999999999,116.1,117.8,116.0,0.0762,111112.0,1605879586.2606063
403,CAPGEMINI,117.05,0.0034000000000000002,116.1,117.8,116.0,0.0748,111474.0,1605879646.6689649
404,CAPGEMINI,117.0,0.003,116.1,117.8,116.0,0.07440000000000001,111655.0,1605879707.1005304
405,CAPGEMINI,117.0,0.003,116.1,117.8,116.0,0.07440000000000001,111655.0,1605879767.5416923
406,CAPGEMINI,117.05,0.0034000000000000002,116.1,117.8,116.0,0.0748,112300.0,1605879828.0743668
407,CAPGEMINI,117.05,0.0034000000000000002,116.1,117.8,116.0,0.0748,112300.0,1605879888.5689926
408,CAPGEMINI,117.05,0.0034000000000000002,116.1,117.8,116.0,0.0748,112300.0,1605879948.9886112
409,CAPGEMINI,117.05,0.0034000000000000002,116.1,117.8,116.0,0.0748,112707.0,1605880009.4164221
410,CAPGEMINI,117.25,0.0051,116.1,117.8,116.0,0.0767,113727.0,1605880069.872541
411,CAPGEMINI,117.3,0.005600000000000001,116.1,117.8,116.0,0.0771,114296.0,1605880130.3699212
412,CAPGEMINI,117.3,0.005600000000000001,116.1,117.8,116.0,0.0771,114296.0,1605880190.8788514
413,CAPGEMINI,117.35,0.006,116.1,117.8,116.0,0.0776,115023.0,1605880251.2911603
414,CAPGEMINI,117.35,0.006,116.1,117.8,116.0,0.0776,115023.0,1605880311.8297117
415,CAPGEMINI,117.35,0.006,116.1,117.8,116.0,0.0776,115023.0,1605880372.2028756
416,CAPGEMINI,117.3,0.005600000000000001,116.1,117.8,116.0,0.0771,115785.0,1605880432.7092385
417,CAPGEMINI,117.2,0.004699999999999999,116.1,117.8,116.0,0.0762,116560.0,1605880493.177637
418,CAPGEMINI,117.2,0.004699999999999999,116.1,117.8,116.0,0.0762,116560.0,1605880553.6202862
419,CAPGEMINI,117.25,0.0051,116.1,117.8,116.0,0.0767,116983.0,1605880614.085792
420,CAPGEMINI,117.35,0.006,116.1,117.8,116.0,0.0776,117008.0,1605880674.4629242
421,CAPGEMINI,117.3,0.005600000000000001,116.1,117.8,116.0,0.0771,117272.0,1605880734.9683042
422,CAPGEMINI,117.3,0.005600000000000001,116.1,117.8,116.0,0.0771,117272.0,1605880795.4955468
423,CAPGEMINI,117.25,0.0051,116.1,117.8,116.0,0.0767,117964.0,1605880855.957848
424,CAPGEMINI,117.3,0.005600000000000001,116.1,117.8,116.0,0.0771,118002.0,1605880916.4457786
425,CAPGEMINI,117.4,0.0064,116.1,117.8,116.0,0.0781,118501.0,1605880976.882283
426,CAPGEMINI,117.35,0.006,116.1,117.8,116.0,0.0776,118947.0,1605881037.3492138
427,CAPGEMINI,117.35,0.006,116.1,117.8,116.0,0.0776,119023.0,1605881097.8273687
428,CAPGEMINI,117.35,0.006,116.1,117.8,116.0,0.0776,119023.0,1605881158.3471549
429,CAPGEMINI,117.35,0.006,116.1,117.8,116.0,0.0776,120114.0,1605881219.0538359
430,CAPGEMINI,117.4,0.0064,116.1,117.8,116.0,0.0781,120492.0,1605881279.5130482
431,CAPGEMINI,117.4,0.0064,116.1,117.8,116.0,0.0781,120542.0,1605881339.9492173
432,CAPGEMINI,117.35,0.006,116.1,117.8,116.0,0.0776,120959.0,1605881400.4595146
433,CAPGEMINI,117.35,0.006,116.1,117.8,116.0,0.0776,121099.0,1605881460.9305913
434,CAPGEMINI,117.4,0.0064,116.1,117.8,116.0,0.0781,121469.0,1605881521.3785503
435,CAPGEMINI,117.35,0.006,116.1,117.8,116.0,0.0776,121488.0,1605881581.8479285
436,CAPGEMINI,117.35,0.006,116.1,117.8,116.0,0.0776,121488.0,1605881642.4779432
437,CAPGEMINI,117.25,0.0051,116.1,117.8,116.0,0.0767,121765.0,1605881702.9561555
438,CAPGEMINI,117.25,0.0051,116.1,117.8,116.0,0.0767,122637.0,1605881763.4359336
439,CAPGEMINI,117.25,0.0051,116.1,117.8,116.0,0.0767,123278.0,1605881823.8713815
440,CAPGEMINI,117.25,0.0051,116.1,117.8,116.0,0.0767,123278.0,1605881884.309572
441,CAPGEMINI,117.2,0.004699999999999999,116.1,117.8,116.0,0.0762,123328.0,1605881944.7511468
442,CAPGEMINI,117.15,0.0043,116.1,117.8,116.0,0.0758,123447.0,1605882005.1999173
443,CAPGEMINI,117.15,0.0043,116.1,117.8,116.0,0.0758,125146.0,1605882065.6515257
444,CAPGEMINI,117.25,0.0051,116.1,117.8,116.0,0.0767,125276.0,1605882126.3707175
445,CAPGEMINI,117.25,0.0051,116.1,117.8,116.0,0.0767,125276.0,1605882186.8499334
446,CAPGEMINI,117.25,0.0051,116.1,117.8,116.0,0.0767,125611.0,1605882247.3001459
447,CAPGEMINI,117.2,0.004699999999999999,116.1,117.8,116.0,0.0762,125641.0,1605882307.7698452
448,CAPGEMINI,117.25,0.0051,116.1,117.8,116.0,0.0767,125706.0,1605882368.2331328
449,CAPGEMINI,117.25,0.0051,116.1,117.8,116.0,0.0767,125896.0,1605882428.690174
450,CAPGEMINI,117.25,0.0051,116.1,117.8,116.0,0.0767,125896.0,1605882489.160827
451,CAPGEMINI,117.25,0.0051,116.1,117.8,116.0,0.0767,126563.0,1605882549.6028802
452,CAPGEMINI,117.25,0.0051,116.1,117.8,116.0,0.0767,126563.0,1605882610.2119908
453,CAPGEMINI,117.2,0.004699999999999999,116.1,117.8,116.0,0.0762,127286.0,1605882670.6349683
454,CAPGEMINI,117.2,0.004699999999999999,116.1,117.8,116.0,0.0762,127645.0,1605882731.0906825
455,CAPGEMINI,117.1,0.0039000000000000003,116.1,117.8,116.0,0.0753,127845.0,1605882791.5509696
456,CAPGEMINI,117.15,0.0043,116.1,117.8,116.0,0.0758,127952.0,1605882851.9730475
457,CAPGEMINI,117.1,0.0039000000000000003,116.1,117.8,116.0,0.0753,128601.0,1605882912.4173586
458,CAPGEMINI,117.15,0.0043,116.1,117.8,116.0,0.0758,128910.0,1605882972.9288266
459,CAPGEMINI,117.1,0.0039000000000000003,116.1,117.8,116.0,0.0753,129273.0,1605883033.523462
460,CAPGEMINI,117.1,0.0039000000000000003,116.1,117.8,116.0,0.0753,129347.0,1605883093.9841592
461,CAPGEMINI,117.15,0.0043,116.1,117.8,116.0,0.0758,129661.0,1605883154.4616003
462,CAPGEMINI,117.2,0.004699999999999999,116.1,117.8,116.0,0.0762,130665.0,1605883214.9542267
463,CAPGEMINI,117.2,0.004699999999999999,116.1,117.8,116.0,0.0762,131632.0,1605883275.4088686
464,CAPGEMINI,117.3,0.005600000000000001,116.1,117.8,116.0,0.0771,133567.0,1605883335.878579
465,CAPGEMINI,117.4,0.0064,116.1,117.8,116.0,0.0781,134992.0,1605883396.4013975
466,CAPGEMINI,117.35,0.006,116.1,117.8,116.0,0.0776,135824.0,1605883456.8867319
467,CAPGEMINI,117.4,0.0064,116.1,117.8,116.0,0.0781,136898.0,1605883517.5278282
468,CAPGEMINI,117.45,0.0069,116.1,117.8,116.0,0.0785,138597.0,1605883577.9928222
469,CAPGEMINI,117.4,0.0064,116.1,117.8,116.0,0.0781,140861.0,1605883638.3959525
470,CAPGEMINI,117.4,0.0064,116.1,117.8,116.0,0.0781,141831.0,1605883698.826684
471,CAPGEMINI,117.5,0.0073,116.1,117.8,116.0,0.079,144131.0,1605883759.287635
472,CAPGEMINI,117.5,0.0073,116.1,117.8,116.0,0.079,145570.0,1605883819.7659876
473,CAPGEMINI,117.55,0.0077,116.1,117.8,116.0,0.0794,147647.0,1605883880.2361434
474,CAPGEMINI,117.55,0.0077,116.1,117.8,116.0,0.0794,149072.0,1605883940.9422643
475,CAPGEMINI,117.65,0.0086,116.1,117.8,116.0,0.0803,151588.0,1605884001.358326
476,CAPGEMINI,117.55,0.0077,116.1,117.8,116.0,0.0794,152847.0,1605884061.8637416
477,CAPGEMINI,117.5,0.0073,116.1,117.8,116.0,0.079,155089.0,1605884122.398725
478,CAPGEMINI,117.5,0.0073,116.1,117.8,116.0,0.079,156508.0,1605884182.9038563
479,CAPGEMINI,117.55,0.0077,116.1,117.8,116.0,0.0794,158174.0,1605884243.3111181
480,CAPGEMINI,117.4,0.0064,116.1,117.8,116.0,0.0781,160022.0,1605884303.7042708
481,CAPGEMINI,117.5,0.0073,116.1,117.8,116.0,0.079,161180.0,1605884364.1254742
482,CAPGEMINI,117.45,0.0069,116.1,117.8,116.0,0.0785,162167.0,1605884424.739275
483,CAPGEMINI,117.55,0.0077,116.1,117.8,116.0,0.0794,162859.0,1605884485.2001357
484,CAPGEMINI,117.55,0.0077,116.1,117.8,116.0,0.0794,162859.0,1605884545.6523924
485,CAPGEMINI,117.55,0.0077,116.1,117.8,116.0,0.0794,162935.0,1605884606.066308
486,CAPGEMINI,117.5,0.0073,116.1,117.8,116.0,0.079,164637.0,1605884666.4786875
487,CAPGEMINI,117.5,0.0073,116.1,117.8,116.0,0.079,164637.0,1605884726.960767
488,CAPGEMINI,117.5,0.0073,116.1,117.8,116.0,0.079,164637.0,1605884787.4422014
